{"cameraMode":{"drawMode":0,"name":"Shaded","section":"Shading Mode"},"sceneLighting":true,"audioPlay":false,"sceneViewState":{"m_AlwaysRefresh":false,"showFog":true,"showSkybox":true,"showFlares":true,"showImageEffects":true,"showParticleSystems":true,"showVisualEffectGraphs":true,"m_FxEnabled":true},"in2DMode":false,"pivot":{"x":1.9704246520996094,"y":1.8692290782928467,"z":-0.2833026349544525},"rotation":{"x":0.25944656133651736,"y":-0.018830830231308938,"z":0.005059836432337761,"w":0.9655611515045166},"size":2.529676914215088,"orthographic":false}